<configuration>
    <property name="HOME_LOG" value="/logvol1/claims-backend.log"/>

    <appender name="jsonFile" class="ch.qos.logback.core.rolling.RollingFileAppender">
        <file>${HOME_LOG}</file>

        <rollingPolicy class="ch.qos.logback.core.rolling.SizeAndTimeBasedRollingPolicy">
                <fileNamePattern>logs/archived/ajg.%d{yyyy-MM-dd}.%i.log.gz</fileNamePattern>
                <!-- each archived file, size max 10MB -->
                <maxFileSize>10MB</maxFileSize>
                <!-- total size of all archive files, if total size > 20GB, it will delete old archived file -->
                <totalSizeCap>20GB</totalSizeCap>
                <!-- 60 days to keep -->
                <maxHistory>60</maxHistory>
        </rollingPolicy>

        <layout class="ch.qos.logback.contrib.json.classic.JsonLayout">
            <jsonFormatter
                class="ch.qos.logback.contrib.jackson.JacksonJsonFormatter">
                <prettyPrint>true</prettyPrint>
            </jsonFormatter>
            <timestampFormat>yyyy-MM-dd' 'HH:mm:ss.SSS</timestampFormat>
            <appendLineSeparator>true</appendLineSeparator>
        </layout>
    </appender>

    <appender name="jsonConsole" class="ch.qos.logback.core.ConsoleAppender">
            <layout class="ch.qos.logback.contrib.json.classic.JsonLayout">
                <jsonFormatter
                    class="ch.qos.logback.contrib.jackson.JacksonJsonFormatter">
                    <prettyPrint>true</prettyPrint>
                </jsonFormatter>
                <timestampFormat>yyyy-MM-dd' 'HH:mm:ss.SSS</timestampFormat>
            </layout>
    </appender>
    
     
    <logger name="jsonLogger" level="TRACE">
            <appender-ref ref="jsonFile" />
            <!-- <appender-ref ref="jsonConsole" /> -->
    </logger>


    <root level="error">
        <!-- dump to console and file -->
        <appender-ref ref="jsonFile"/>
        <appender-ref ref="jsonConsole"/>
    </root>
</configuration>