<?xml version="1.0" encoding="UTF-8"?>
<project xmlns="http://maven.apache.org/POM/4.0.0" xmlns:xsi="http://www.w3.org/2001/XMLSchema-instance" xsi:schemaLocation="http://maven.apache.org/POM/4.0.0 http://maven.apache.org/maven-v4_0_0.xsd">
  <modelVersion>4.0.0</modelVersion>
  <groupId>admiral_rnd</groupId>
  <artifactId>microservice-fnol</artifactId>
  <version>0.1</version>
  <build>
    <pluginManagement>
      <plugins>
        <plugin>
          <artifactId>maven-compiler-plugin</artifactId>
          <version>3.7.0</version>
          <configuration>
            <source>${jdk.version}</source>
            <target>${jdk.version}</target>
            <compilerArgs>
              <arg>-parameters</arg>
            </compilerArgs>
            <annotationProcessorPaths>
              <path>
                <groupId>io.micronaut</groupId>
                <artifactId>micronaut-inject-java</artifactId>
                <version>${micronaut.version}</version>
              </path>
              <path>
                <groupId>io.micronaut</groupId>
                <artifactId>micronaut-validation</artifactId>
                <version>${micronaut.version}</version>
              </path>
            </annotationProcessorPaths>
          </configuration>
        </plugin>
      </plugins>
    </pluginManagement>
    <plugins>
      <plugin>
        <artifactId>maven-shade-plugin</artifactId>
        <version>3.1.0</version>
        <executions>
          <execution>
            <phase>package</phase>
            <goals>
              <goal>shade</goal>
            </goals>
            <configuration>
              <transformers>
                <transformer>
                  <mainClass>${exec.mainClass}</mainClass>
                </transformer>
                <transformer />
              </transformers>
            </configuration>
          </execution>
        </executions>
      </plugin>
      <plugin>
        <groupId>com.spotify</groupId>
        <artifactId>dockerfile-maven-plugin</artifactId>
        <executions>
          <execution>
            <goals>
              <goal>build</goal>
              <goal>push</goal>
            </goals>
          </execution>
        </executions>
        <configuration>
          <repository>${docker.image.prefix}/${project.artifactId}</repository>
          <tag>${project.version}</tag>
          <buildArgs>
            <JAR_FILE>${project.build.finalName}.jar</JAR_FILE>
          </buildArgs>
        </configuration>
      </plugin>
      <plugin>
        <groupId>org.codehaus.mojo</groupId>
        <artifactId>exec-maven-plugin</artifactId>
        <version>1.6.0</version>
        <configuration>
          <mainClass>com.admiral.rnd.claims.Application</mainClass>
          <executable>java</executable>
          <arguments>
            <argument>-noverify</argument>
            <argument>-XX:TieredStopAtLevel=1</argument>
            <argument>-classpath</argument>
            <classpath />
            <argument>${exec.mainClass}</argument>
          </arguments>
        </configuration>
      </plugin>
    </plugins>
  </build>
  <repositories>
    <repository>
      <id>jcenter.bintray.com</id>
      <url>https://jcenter.bintray.com</url>
    </repository>
  </repositories>
  <dependencies>
    <dependency>
      <groupId>io.micronaut</groupId>
      <artifactId>micronaut-inject-java</artifactId>
      <version>1.0.1</version>
      <scope>provided</scope>
    </dependency>
    <dependency>
      <groupId>junit</groupId>
      <artifactId>junit</artifactId>
      <version>4.12</version>
      <scope>test</scope>
      <exclusions>
        <exclusion>
          <artifactId>hamcrest-core</artifactId>
          <groupId>org.hamcrest</groupId>
        </exclusion>
      </exclusions>
    </dependency>
    <dependency>
      <groupId>org.hamcrest</groupId>
      <artifactId>hamcrest-all</artifactId>
      <version>1.3</version>
      <scope>test</scope>
    </dependency>
  </dependencies>
  <dependencyManagement>
    <dependencies>
      <dependency>
        <groupId>io.micronaut</groupId>
        <artifactId>micronaut-bom</artifactId>
        <version>${micronaut.version}</version>
        <type>pom</type>
        <scope>import</scope>
      </dependency>
    </dependencies>
  </dependencyManagement>
  <properties>
    <docker.image.prefix>claims_backend</docker.image.prefix>
    <jdk.version>1.8</jdk.version>
    <exec.mainClass>com.admiral.rnd.claims.Application</exec.mainClass>
    <project.build.sourceEncoding>UTF-8</project.build.sourceEncoding>
    <micronaut.version>1.0.1</micronaut.version>
  </properties>
</project>

