:ID,address1:string,address2:string,address3:string,postcode:string,alfKey:string
069c694d181be3dc57104839d48259dd,12 Pottery Street,Splott,Cardiff,,
13f9b8e9785eef0f0c943b2d465a3a5c,35 Student Street,Gabalfa,Cardiff,cf404st,
2a1084df0154bb7889b18ff25724c350,77 New Street,Fairwater,Cardiff,cf122iq,
2d36b09614aa5144f86752f6cc5c1280,Flat 4 Student Block 3,Studentsville,Cardiff,cf885st,
449a24773444ecad284da64c131a1f6b,77 New Street,Fairwater,Cardiff,cf122iq,alf765856
45d1c5810e98a25b5878e073ed1bd845,345 Fir Tree Street,Pontypridd,Cardiff,,alf123456
82339343ce392cd58151d1b33e8e7828,345 Fir Tree Street,Pontypridd,Cardiff,cf840kk,
8724b282cb2085ca64a46e958f77acb0,102 West Road,Radyr,Cardiff,cf881hg,
91eb29024b083dc2fd9be64bdc324e11,150 West View,Penyrheol,Caerphilly,cf833bi,alf70015
927f238f48d68cdf95d5072ee70bbbe8,33 London Road,Senghenydd,Caerphilly,cf836vv,alf70013
93c233a2f9d46ad8bd260da79422961e,101 student-halls,Cardiff,Cardiff,cf124ff,
95ea44d668e2eed03e1f4bb624a9874f,46 Student Street,Gabalfa,Cardiff,cf404st,
9ffd869877e9fd44bba0931239d0fae9,2 Swansea Way,Abertridwr,Caerphilly,cf831io,alf70014
a104a8e42b1e9bcafeccdc3923f0aee4,100 Park Avenue,Bedwas,Caerphilly,cf837wq,
a44fe84e68106aba5c44489a514fc233,11 Green Road,Whitchurch,Cardiff,cf578xx,
af1b966a7163ed747eff3a3020b56330,101 Sesame Street,Penarth,Cardiff,cf123zz,alf196605
c2c13014d8e1e296af22adf002a60c7b,65 Park Avenue,Bedwas,Caerphilly,cf837wq,
c51e01b39961715706a97efe7b2140be,79 North Avenue,Churchill Park,Caerphilly,cf839aa,alf70016
c9201c6b8c3ffc980cffb2b020725e2b,17 Cricket Avenue,Ely,Cardiff,cf123hj,
c9a1746da0f0f9d24ca3f0f60ba4e325,200 First Avenue,Trecenydd,Caerphilly,cf839ol,alf70010
ca8f1c3a3151541225baebef169c39a6,345 Fir Tree Street,Splott,Cardiff,cf840kk,
d089ede16784ed02bc80da73536a64e8,11 Brynsiriol,Llanbradach,Caerphilly,cf834gf,alf70011
d92c8b4eee8643dd1cf1c5c2212b0946,345 Fir Tree Street,Pontypridd,Cardiff,cf840kk,alf123456
df234960bcda8f270a865514f2836257,101 Sesame Street,Penarth,Cardiff,cf123zz,
e3e56693fb1a16e653dabeed50f3bd55,345 Fir Tree Street,Pontypridd,Cardiff,,
ea0b77ea8612b98814c86723f86a2e7d,47 Queen Street,Ystrad Mynach,Caerphilly,cf832jh,alf70012
fbaae90ce10ea02436f49fab0c7f7c47,3 Yellow Brick Road,Gabalfa,Cardiff,cf651sa,
fc94dbcaccd38417ebcbbf1ba41bb1a1,1 Hollybush Road,Ty Isaf,Caerphilly,cf832iu,
fcdc8f6c6da4abdb9e2527f38c16a613,11 Green Road,Whitchurch,Cardiff,cf578xx,alf909272
fd719b4e4257787e1e0584b4bd8439ae,179 Church Close,Rudry,Caerphilly,cf832nb,
