:START_ID,:END_ID,dln,mobile,email,alfKey,deviceID,productReference,fullnameDOB,surnamePostcode,regNum
1,2,,True,True,,True,,True,True,
1,3,True,True,True,,True,,True,True,True
1,4,,True,True,,True,,True,True,
1,5,,True,True,,True,,True,True,
1,6,True,True,True,,True,,True,True,
13,15,,True,True,True,True,,,True,
13,16,,True,True,True,True,,,,
13,20,,True,True,,True,,,True,
13,25,,True,True,,True,,,True,
13,28,,True,True,,True,,True,True,
13,29,,True,True,,True,,,True,
13,32,,True,True,,True,,True,True,
13,66,,True,,,,,,,
15,16,True,True,True,True,True,True,True,,True
15,20,,True,True,,True,,True,True,
15,25,,True,True,,True,,True,True,
15,28,,True,True,,True,,,True,
15,29,True,True,True,,True,,True,True,
15,32,True,True,True,,True,,True,True,
15,66,,True,,,,,,,
16,20,,True,True,,True,,True,True,
16,25,,True,True,,True,,True,,
16,28,,True,True,,True,,,,
16,29,True,True,True,,True,,True,,
16,32,True,True,True,,True,,True,,
16,66,,True,,,,,,,
2,3,,True,True,True,True,,True,True,
2,4,,True,True,,True,,True,True,
2,5,,True,True,,True,,True,True,
2,6,,True,True,,True,,True,True,
20,25,,True,True,,True,,True,True,
20,28,,True,True,,True,,,True,
20,29,,True,True,,True,,True,True,
20,32,,True,True,,True,,True,True,
20,66,,True,,,,,,,
25,28,,True,True,,True,True,,True,
25,29,,True,True,,True,,True,True,
25,32,,True,True,,True,,True,True,
25,66,,True,,,,,,,
28,29,,True,True,,True,,,True,
28,32,,True,True,,True,,True,True,
28,66,,True,,,,,,,
29,32,True,True,True,,True,True,True,True,True
29,66,,True,,,,,,,
3,4,,True,True,,True,,True,True,
3,5,,True,True,,True,,True,True,
3,6,True,True,True,,True,,True,True,
32,66,,True,,,,,,,
36,38,,,,,True,True,,True,True
36,39,,True,True,,True,,,True,
38,39,,,,,True,,,True,
4,5,,True,True,,True,,True,True,
4,6,,True,True,,True,,True,True,
40,42,True,True,True,,,True,True,,True
44,45,,True,True,,True,,True,True,
44,46,True,True,True,,True,,True,True,True
44,47,,True,True,,True,,True,True,
44,48,,,,,True,,,True,
45,46,,True,True,True,True,,True,True,
45,47,,True,True,,True,,True,True,
45,48,,,,,True,,,True,
46,47,,True,True,,True,,True,True,
46,48,,,,,True,,,True,
47,48,,,,,True,,,True,
49,52,,,,,,True,True,True,
5,6,,True,True,,True,,True,True,
55,56,True,True,True,,,True,True,,True
55,65,,,,,,,,,True
56,65,,,,,True,,,,True
57,58,,,,,True,,,,
57,59,,,,,True,,,,
57,60,,,,,True,,,,
57,61,,,,,True,,,,
57,62,,,,,True,,,,
57,63,,,,,True,,,,
58,59,,,,,True,,,,
58,60,,,,,True,,,,
58,61,,,,,True,,,,
58,62,,,,,True,,,,
58,63,,,,,True,,,,
59,60,,,,,True,,,,
59,61,,,,,True,,,,
59,62,,,,,True,,,,
59,63,,,,,True,,,,
60,61,,,,,True,,,,
60,62,,,,,True,,,,
60,63,,,,,True,,,,
61,62,,,,,True,,,,
61,63,,,,,True,,,,
62,63,,,,,True,,,,
64,65,,,,,,,,True,
66,67,True,,,,,,,True,
7,13,,True,True,,True,,,True,
7,15,True,True,True,,True,,True,True,True
7,16,True,True,True,,True,,True,,True
7,20,,True,True,,True,,True,True,
7,25,,True,True,,True,,True,True,
7,28,,True,True,,True,,,True,
7,29,True,True,True,,True,,True,True,
7,32,True,True,True,,True,,True,True,
7,66,,True,,,,,,,
7,8,True,,,,True,True,True,True,True
8,13,,,,,True,,,True,
8,15,True,,,,True,,True,True,True
8,16,True,,,,True,,True,,True
8,20,,,,,True,,True,True,
8,25,,,,,True,,True,True,
8,28,,,,,True,,,True,
8,29,True,,,,True,,True,True,
8,32,True,,,,True,,True,True,
