:ID,rowID:string,forename:string,surname:string,dateOfBirth:date,mobile:string,email:string,dln
1,1,John,Smith,1999-01-01,07912345678,john@smith.com,smith010203
2,2,John,Smith,1999-01-01,07912345678,john@smith.com,
3,3,John,Smith,1999-01-01,07912345678,john@smith.com,smith010203
4,4,John,Smith,1999-01-01,07912345678,john@smith.com,
5,5,John,Smith,1999-01-01,07912345678,john@smith.com,
6,6,John,Smith,1999-01-01,07912345678,john@smith.com,smith010203
7,7,Craig,Lewis,1974-10-20,07980343536,craig@lewis.com,lewis010203
8,8,Craig,Lewis,1974-10-20,,,lewis010203
13,13,Craig,Lewis,,07980343536,craig@lewis.com,
15,15,Craig,Lewis,1974-10-20,07980343536,craig@lewis.com,lewis010203
16,16,Craig,Lewis,1974-10-20,07980343536,craig@lewis.com,lewis010203
20,20,Craig,Lewis,1974-10-20,07980343536,craig@lewis.com,
25,25,Craig,Lewis,1974-10-20,07980343536,craig@lewis.com,
28,28,Craig,Lewis,,07980343536,craig@lewis.com,
29,29,C,Lewis,1974-10-20,07980343536,craig@lewis.com,
32,32,Craig,Lewis,,07980343536,craig@lewis.com,lewis010203
36,36,Kevin,Jones,1987-10-10,07912445566,,jones010203
38,38,Ann,Jones,1986-10-10,07912450850,ann@jones.com,jones213243
39,39,Kevin,Jones,,07912445566,kevin@jones.com,
40,40,Paul,Evans,1967-02-23,07912101202,paul@evans.com,evans010203
42,42,Paul,Evans,1992-02-23,07986868686,paul-jr@evans.com,evans212223
44,44,Barry,Rogers,2000-12-10,0791713165,barry@rogers.com,rogers010203
45,45,Barry,Rogers,2000-12-10,0791713165,barry@rogers.com,
46,46,Barry,Rogers,2000-12-10,0791713165,barry@rogers.com,rogers010203
47,47,Barry,Rogers,2000-12-10,0791713165,barry@rogers.com,
48,48,Harry,Rogers,2000-12-10,07700888989,harry@rogers.com,rogers010204
49,49,Steve,Edwards,1989-01-01,07948574554,steve-edwards@gmail.com,edward010203
50,50,Steve,Edwards,1970-01-01,07919767567,stevie@edwards.com,edward78787
51,51,Steven,Edwards,1954-08-18,0791972347,the_steven@edwards.com,edward78300
52,52,Steve,Edwards,1989-01-01,0794898304,,edward300300
53,53,Penny,Roberts,1999-01-01,07912345001,penny@roberts.com,
54,54,June,Pickard,1999-01-01,0791333333,june@pickard.com,
55,55,Wendy,Griffiths,1999-05-23,0797980818283,wendy@griffiths.com,griffith167297
56,56,Wendy,Griffiths,1999-05-23,0797980818283,wendy@griffiths.com,griffith167297
57,57,Hillary,Olazabal,1994-01-14,0797954400,holly234@gmail.com,
58,58,Colin,Ballesteros,1990-02-15,0797954401,colball@gmail.com,
59,59,James,Woosnam,1984-03-16,0797954402,woosy67@gmail.com,
60,60,Iris,Woods,2001-04-17,0797954403,iwoods70@gmail.com,
61,61,Maude,McIlroy,1965-05-18,0797954404,mmac@gmail.com,
62,62,Tina,Couples,1977-06-19,0797954405,tinacouples2@gmail.com,
63,63,Sheena,Faldo,1992-07-20,0797954406,faldo_sheena@gmail.com,
64,64,Dan,Sterling,2000-02-23,,,sterli52077
65,65,Danny,Sterling,1997-02-03,0797985558283,dsterl@aol.com,sterli52067
66,66,Mary,Christie,1974-10-20,07980343536,mjc1234@hotmail.com,christi100200
67,67,Mary,Christie,,,mary@christie.com,christi100200
