:START_ID,:END_ID
1,df234960bcda8f270a865514f2836257
2,af1b966a7163ed747eff3a3020b56330
3,af1b966a7163ed747eff3a3020b56330
4,df234960bcda8f270a865514f2836257
5,df234960bcda8f270a865514f2836257
6,df234960bcda8f270a865514f2836257
7,82339343ce392cd58151d1b33e8e7828
8,82339343ce392cd58151d1b33e8e7828
13,d92c8b4eee8643dd1cf1c5c2212b0946
15,d92c8b4eee8643dd1cf1c5c2212b0946
16,45d1c5810e98a25b5878e073ed1bd845
20,e3e56693fb1a16e653dabeed50f3bd55
25,82339343ce392cd58151d1b33e8e7828
28,82339343ce392cd58151d1b33e8e7828
29,82339343ce392cd58151d1b33e8e7828
32,82339343ce392cd58151d1b33e8e7828
36,a44fe84e68106aba5c44489a514fc233
38,a44fe84e68106aba5c44489a514fc233
39,fcdc8f6c6da4abdb9e2527f38c16a613
40,c9201c6b8c3ffc980cffb2b020725e2b
42,93c233a2f9d46ad8bd260da79422961e
44,2a1084df0154bb7889b18ff25724c350
45,449a24773444ecad284da64c131a1f6b
46,449a24773444ecad284da64c131a1f6b
47,2a1084df0154bb7889b18ff25724c350
48,2a1084df0154bb7889b18ff25724c350
49,c2c13014d8e1e296af22adf002a60c7b
50,fd719b4e4257787e1e0584b4bd8439ae
51,fc94dbcaccd38417ebcbbf1ba41bb1a1
52,a104a8e42b1e9bcafeccdc3923f0aee4
53,069c694d181be3dc57104839d48259dd
54,8724b282cb2085ca64a46e958f77acb0
55,fbaae90ce10ea02436f49fab0c7f7c47
56,2d36b09614aa5144f86752f6cc5c1280
57,c9a1746da0f0f9d24ca3f0f60ba4e325
58,d089ede16784ed02bc80da73536a64e8
59,ea0b77ea8612b98814c86723f86a2e7d
60,927f238f48d68cdf95d5072ee70bbbe8
61,9ffd869877e9fd44bba0931239d0fae9
62,91eb29024b083dc2fd9be64bdc324e11
63,c51e01b39961715706a97efe7b2140be
64,13f9b8e9785eef0f0c943b2d465a3a5c
65,95ea44d668e2eed03e1f4bb624a9874f
66,ca8f1c3a3151541225baebef169c39a6
67,ca8f1c3a3151541225baebef169c39a6
