:START_ID,:END_ID
MISSING_DATA_65,WE12GRF_abi1233333
MISSING_DATA_7,NJ11LOL_abi111222
MP3333,CF55SSS_abi123456
MP3337,NJ11LOL_abi111222
MP98981,TT11KLO_abi317313
P1111,CF55SSS_abi123456
P1117,NJ11LOL_abi111222
P19705,WE12GRF_abi1233333
P31345,CF11PPP_abi567194
P6500,SE56YUY_abi989586
P67667,CC13FCC_
P765001,NO15UIY_abi758209
P765567,LO12POP_abi171717
P888234,PP22JJJ_
P910003,CW72AJG_abi777717
P95312,TT11KLO_abi317313
P95313,RR12CDS_abi317314
P9707,RH194FFT_abi30067
P9707,ZX55SSS_abi923011
P9802,DE55SSS_abi76508
V6666,CF19ABC_abi998877
V6667,BO33ABC_abi909808
V87442,IP13GDO_abi159038
