:ID,regNum,abiCode
BO33ABC_abi909808,BO33ABC,abi909808
CC13FCC_,CC13FCC,
CF11PPP_abi567194,CF11PPP,abi567194
CF19ABC_abi998877,CF19ABC,abi998877
CF55SSS_abi123456,CF55SSS,abi123456
CW72AJG_abi777717,CW72AJG,abi777717
DE55SSS_abi76508,DE55SSS,abi76508
IP13GDO_abi159038,IP13GDO,abi159038
LO12POP_abi171717,LO12POP,abi171717
NJ11LOL_abi111222,NJ11LOL,abi111222
NO15UIY_abi758209,NO15UIY,abi758209
PP22JJJ_,PP22JJJ,
RH194FFT_abi30067,RH194FFT,abi30067
RR12CDS_abi317314,RR12CDS,abi317314
SE56YUY_abi989586,SE56YUY,abi989586
TT11KLO_abi317313,TT11KLO,abi317313
WE12GRF_abi1233333,WE12GRF,abi1233333
ZX55SSS_abi923011,ZX55SSS,abi923011
